{
  "startUTC": null,
  "endUTC": null,
  "dateRangeType": 6,
  "designUID": null,
  "contributingMachines": null,
  "onMachineDesignID": null,
  "vibeStateOn": null,
  "polygonUID": null,
  "polygonName": null,
  "polygonLL": [
    {
      "Lon": -115.0235567314591,
      "Lat": 36.206627682520867
    },
    {
      "Lon": -115.02356429221605,
      "Lat": 36.206627682520867
    },
    {
      "Lon": -115.02356429221605,
      "Lat": 36.206612363570869
    },
    {
      "Lon": -115.0235567314591,
      "Lat": 36.206612363570869
    }
  ],
  "forwardDirection": null,
  "layerNumber": null
}