{
  "polygonUID": "c910d127-5e3c-453f-82c3-e235848ac20e",
  "polygonName": "Dimensions boundary CMV",
  "polygonLL": [
    {
      "Lat": 36.207554,
      "Lon": -115.019283
    },
    {
      "Lat": 36.207534,
      "Lon": -115.018514
    },
    {
      "Lat": 36.207279,
      "Lon": -115.018564
    },
    {
      "Lat": 36.207282,
      "Lon": -115.019323
    }
  ]
}