{
  "polygonUID": "c910d127-5e3c-453f-82c3-e235848ac20e",
  "polygonName": "Dimensions boundary CMV",
  "polygonLL": [
    {
      "Lat": 36.207522,
      "Lon": -115.019120
    },
    {
      "Lat": 36.207501,
      "Lon": -115.018673
    },
    {
      "Lat": 36.207213,
      "Lon": -115.018887
    }
  ]
}