{
  "temperatureRangeMin": 15.0,
  "temperatureRangeMax": 20.0,
  "polygonLL": [
    {
      "Lat": 36.207034777124,
      "Lon": -115.020267373775
    },
    {
      "Lat": 36.2070328834124,
      "Lon": -115.020267373775
    },
    {
      "Lat": 36.2070328834124,
      "Lon": 115.020265026842
    },
    {
      "Lat": 36.2070345065937,
      "Lon": -115.02026519448
    }
  ]
}
