{
  "dateRangeType": 0,
  "asAtDate":  true, 
  "polygonUID": "c910d127-5e3c-453f-82c3-e235848ac20e",
  "polygonName": "Dimensions boundary CMV",
  "polygonLL": [
    {
      "Lat": 36.207183,
      "Lon": -115.020509
    },
    {
      "Lat": 36.206862,
      "Lon": -115.020187
    },
    {
      "Lat": 36.207174,
      "Lon": -115.019731
    }
  ]
}