{
  "automaticsType": "Automatics",
  "polygonLL": [
    {
      "Lat": 36.2072953649183,
      "Lon": -115.024841713771
    },
    {
      "Lat": 36.2072927272574,
      "Lon": -115.024841713771
    },
    {
      "Lat": 36.2072926596251,
      "Lon": -115.024839031562
    },
    {
      "Lat": 36.2072952296536,
      "Lon": -115.024839115381
    }
  ]
}
